{
	"agents" : 
	[
		{
			"cid" : 1,
			"goal" : 
			[
				2,
				-2,
				0.5
			],
			"start" : 
			[
				-2,
				-2,
				0.5
			],
			"type" : "crazyflie"
		}
	],
	"obstacles" : [],
	"quadrotors" : 
	{
		"crazyflie" : 
		{
			"downwash" : 2,
			"max_acc" : 
			[
				3.8528682744497673,
				3.8528682744497673,
				-6.8600000000000012
			],
			"max_vel" : 
			[
				0.86602540378443871,
				0.86602540378443871,
				0.86602540378443871
			],
			"nominal_velocity" : 0.86602540378443871,
			"radius" : 0.10000000000000001
		},
		"default" : 
		{
			"downwash" : 2,
			"max_acc" : 
			[
				3.8528682744497673,
				3.8528682744497673,
				-6.8600000000000012
			],
			"max_vel" : 
			[
				0.86602540378443871,
				0.86602540378443871,
				0.86602540378443871
			],
			"nominal_velocity" : 0.86602540378443871,
			"radius" : 0.10000000000000001
		}
	},
	"world" : 
	[
		{
			"dimension" : 
			[
				-2.9000000000000004,
				-2.9000000000000004,
				0.40000000000000002,
				2.9000000000000004,
				2.9000000000000004,
				1.8999999999999999
			]
		}
	]
}